zoneid,npixels,mean,min,max,sum,sampVar,popVar,sampSD,popSD
M331Ak,8594,12.1963468715427,0,73.4479370117188,104815.405014038,219.708586327401,219.683020981075,14.8225701660475,14.8217077619644
342Di,65513,0,0,0,0,0,0,0,0
M332Au,26263,12.3246442812556,0,60.4041709899902,323682.132758617,204.355753613415,204.347972485835,14.2953052997624,14.2950331404245
342Ad,288447,0.008021232734638,0,24.012300491333,2313.70051860809,0.072148976649688,0.072148726520629,0.268605615447049,0.268605149840112
M331As,29620,12.8300804114359,0,71.1562728881836,380026.981786728,175.900518813521,175.894580240975,13.2627492931715,13.262525409626
M332Fd,38180,10.6958450356411,0,63.8518562316895,408367.363460779,274.203408094262,274.196226234438,16.5590883835512,16.5588715265998
M331Ab,72792,27.1518500739009,0,88.9285354614258,1976437.47057939,442.188230966612,442.182156284903,21.0282721821507,21.0281277408357
342Ca,262051,0.154798111817924,0,51,40565,4.86720707725283,4.86718850374204,2.2061747612673,2.2061705518255
331Nc,104455,0.108856553350273,0,39.1013526916504,11370.6112802029,1.68026589448573,1.68024980845926,1.29625070664811,1.29624450180483
M332Enn,54386,14.5339304843556,0,80.7801818847656,790442.343322158,376.818181539291,376.811252951391,19.4118052107291,19.4116267466534
342He,173139,3.44752981140856,0,158,596901.864017487,138.841117898301,138.840315992792,11.7830860939866,11.7830520661156
M332Ep,20204,3.02992128367662,0,59.6508674621582,61216.5296154022,100.331508453522,100.326542530514,10.0165617081672,10.0163138194904
M331Aa,78822,32.7143351697325,0,95.4279022216797,2578609.32674864,519.158384651241,519.151798185728,22.7850473919025,22.7849028566226
M331Al,11572,5.59545686654554,0,77.9617538452148,64750.6268596649,179.623259124045,179.607736892873,13.4023602072189,13.4017811089748
342Bi,100474,0.472012659991641,0,91,47425,18.7576741970469,18.7574875052242,4.33101306821474,4.33099151525654
M331Ar,33971,18.6094425723914,0,86.1759719848633,632181.373626709,453.344587419368,453.331242372492,21.2918901795817,21.2915767939458
M332Fh,40833,15.2007518837489,0,67.4272003173828,620692.301669121,388.637465352156,388.627947622248,19.7138901628308,19.7136487648088
M331Ap,30672,31.8971019670966,0,85.3146286010742,978347.911534786,426.851230187565,426.837313545997,20.6603782682594,20.6600414700938
M332Er,84692,11.2517143460581,0,86.7679672241211,952930.191396356,307.517339805791,307.513708797669,17.5361723248202,17.536068795419
M332Ag,16500,27.2298970792366,0,86.2077178955078,449293.301807404,422.607514975602,422.581902398937,20.5574199493906,20.556796987832
M331Ah,44884,18.1513699856859,0,90.3801345825195,814706.090437531,470.643482320099,470.632996546052,21.6943191255245,21.6940774532141
M332Abb,12135,28.5361583368248,0,64.2346496582031,346286.28141737,387.048397837446,387.016502625428,19.6735456346192,19.672735006232
M332Aaa,9803,38.017695682895,0,66.3677368164062,372687.470779419,178.983277392389,178.965019381842,13.3784631924743,13.3777808093062
M332Eb,38294,7.67923027994539,0,62.7646980285645,294068.444340229,214.732854940786,214.727247460373,14.6537658962052,14.6535745625555
M332Af,12335,33.2061143616891,0,67.1008987426758,409597.420651436,130.376354585091,130.365784957641,11.4182465635092,11.4177837147864
M332At,26152,22.7874719642669,0,64.2357864379883,595937.966809511,263.06898452534,263.05892529528,16.2194014848064,16.2190913831595
M332Ez,49384,0.753084196431041,0,60.6577033996582,37190.3099565506,27.105113809568,27.1045649452839,5.20625717858502,5.20620446633475
M332Ad,12908,27.4367964622735,0,63.7194290161133,354154.168735027,185.362676238455,185.348315944355,13.6147962246394,13.6142688362011
331Gf,156562,2.33978007795218,0,40.1712226867676,366320.648564339,32.5320769984754,32.5318692080984,5.70368977053235,5.70367155506858
342Ch,98293,11.9058852369559,0,155,1170265.17759609,442.083048948174,442.078551343574,21.0257710666737,21.0256641118318
M332Ek,18117,12.7833643170944,0,62.7092590332031,231596.211332798,295.750447701485,295.734123230121,17.1973965384731,17.1969219114969
M332Ae,16674,23.8505708024243,0,65.0541152954102,397684.417559624,162.836797420682,162.827031509838,12.7607522278541,12.7603695679176
M331Ag,86453,25.665225241692,0,93.1991119384766,2218835.71781999,491.780531326062,491.774842911185,22.1761252550138,22.1759969992599
331Gd,28477,4.75573085019747,0,43.0400810241699,135428.947421074,64.7673145989669,64.7650402261538,8.04781427463177,8.04767296963251
M331Ba,121529,8.67685190241695,0,88.8516311645508,1054489.13484883,219.132327469324,219.130524341449,14.80311884264,14.8030579388669
M332Ay,27761,19.8795025618766,0,59.7412757873535,551874.870620251,251.26198948231,251.252938583946,15.8512456760442,15.8509601786121
M332Fb,26168,19.79713200496,0,65.2996444702148,518051.350305796,359.085897344512,359.072175015815,18.9495619301479,18.9491998515984
342Fj,21501,0.154575843144824,0,33.4106178283691,3323.53520345688,2.46250498956748,2.46239045977865,1.56923707245511,1.5692005798427
M331Ic,88303,6.56093248002792,0,76.8674163818359,579350.020783901,129.317882654965,129.316418176038,11.3718020847606,11.3717376937757
341Ec,191486,0.358239646810499,0,50,68597.8770091534,3.37516624125791,3.37514861508033,1.83716255166981,1.83715775454378
M341Ag,273147,5.78893883453999,0,50.2157020568848,1581231.27583814,44.0995479026298,44.0993864527589,6.64074904680412,6.64073689079449
342Gb,183000,0.006896289990899,0,30.7728958129883,1262.02106833458,0.113812780866642,0.113812158938878,0.337361498791195,0.337360577037207
M261Et,13949,70.0287475804714,0,181,976831,987.014157744496,986.943398969118,31.4167814669882,31.4156553165634
331Fk,139561,0.083101633344839,0,54.733699798584,11597.747051239,1.28532654397037,1.28531733418724,1.1337224280971,1.13371836634468
M341Ah,235644,0.804693670978826,0,26.75803565979,189621.235404134,8.16055885991752,8.16052422903848,2.85666918979386,2.85666312837872
342Fi,57595,0.000269220943138,0,4.03969097137451,15.5057802200317,0.001045282764165,0.001045264615319,0.032330833026155,0.03233055235098
341Dm,13310,3.1856498873028,0,49,42401,82.3920849897418,82.3858947504488,9.07700859257838,9.0766676016283
331Fm,21448,0.899514298037066,0,33.3942031860352,19292.782664299,10.2502389271361,10.2497610159589,3.20159943264864,3.20152479546215
342Gc,76311,0.008831548546453,0,8.00184726715088,673.944301128387,0.041333520436032,0.041332978790392,0.203306469242944,0.203305137147078
M331Dv,66866,8.75345996903198,0,84.0122680664062,585308.854289293,123.322538362735,123.320694039186,11.1050681385903,11.1049850985576
342Dg,77061,1.1908381641939,0,49.3572616577148,91767.1797709465,27.5819992772076,27.5816413529751,5.251856745686,5.25182266960482
M333Ad,76728,56.2844755959146,0,116.955352783203,4318595.24352336,373.312007699932,373.30714230519,19.3212838005121,19.3211578924554
M333Ab,33051,41.9264252358845,0,99.644172668457,1385710.28047121,384.561902412708,384.550267003722,19.6102499324386,19.6099532636802
M333Aa,62210,36.0608303137674,0,102.400199890137,2243344.25381947,625.1129578447,625.10290941265,25.0022590548274,25.0020581035372
M333Ba,88921,48.1057604320768,0,93.6181564331055,4277612.32338071,319.056357000655,319.052768912836,17.8621487229464,17.8620482843608
M333Bb,152231,42.4236188067841,0,90.8815994262695,6458189.91457558,245.09612539691,245.094515369219,15.6555461545393,15.6554947340932
M333Bc,108956,16.2044491056282,0,88.6710510253906,1765571.95675278,475.730859317146,475.72649305132,21.8112553356552,21.8111552433914
M333Cb,140855,34.1509265925665,0,98.8840789794922,4810328.76519597,260.930339914492,260.928487439678,16.1533383520092,16.1532810115988
M333Cc,10361,34.7294100884845,0,64.9914932250977,359831.417926788,236.980430386515,236.957558035353,15.3941687137213,15.3934258056923
M333Ca,36445,26.1434967276785,0,67.4657974243164,952799.738240242,428.628807434098,428.617046457079,20.7033525650822,20.7030685275657
M333Cf,33093,13.8530275409588,0,73.3999938964844,458438.240412951,281.463651171174,281.455145938915,16.7768784692259,16.7766249865375
331Da,131272,0.144399656776653,0,53.3784561157227,18955.6317443848,3.22557697883435,3.22555240712843,1.79598913661368,1.79598229588391
M333Ai,38710,16.2624895671083,0,87.8696517944336,629520.971142769,275.799893142187,275.792768370987,16.6072241251266,16.6070096155505
331Dh,521238,0,0,0,0,0,0,0,0
M333Da,88171,53.3867785531159,0,125.967025756836,4707165.65180683,292.212916537336,292.20960237603,17.0942363543194,17.0941394160698
331Db,14307,0.533297772659831,0,48.0018920898438,7629.89123344421,19.4632254288822,19.4618650300963,4.41171456792959,4.4115603849541
M333Ac,48903,36.8632902422263,0,179,1802725.48271561,491.328269323179,491.318222326689,22.1659258620789,22.1656992293654
M333Dc,91434,45.2396710420936,0,103.811111450195,4136444.08206272,297.628180181182,297.624925066234,17.2519036683255,17.2518093273208
M333Cg,32614,18.5443274765163,0,61.6323127746582,604804.696319103,242.477732451206,242.470297676801,15.5716965180807,15.5714577890704
331La,527567,0.011513986532517,0,56.2753410339355,6074.39933300018,0.339994428324939,0.339993783867594,0.583090411793008,0.583089859170603
331Af,157974,2.70096884708681,0,148,426682.852649689,144.765078561505,144.764162176033,12.0318360428284,12.031797961071
M333Ce,32478,36.6271784831184,0,67.4623107910156,1189577.50277472,273.37740510116,273.368987790824,16.5341284953626,16.5338739498892
M333Db,88308,52.5611516270387,0,106.509910583496,4641570.17788053,230.403948654248,230.40133955939,15.1790628384709,15.1789768943559
M333Dd,67273,48.9143436671833,0,101.979011535645,3290614.64152241,288.721617156226,288.717325365803,16.9918102966172,16.9916840061779
M333Ch,28119,29.3522427836601,0,66.1845245361328,825355.714833736,333.252434686374,333.240583182597,18.2552029483754,18.2548783392987
331Ea,1120178,0.014104675341563,0,58.5354194641113,15799.747014761,0.413726402963554,0.413726033623679,0.643215673754577,0.643215386650288
331Ka,56277,1.88621558540125,0,53.6086921691895,106150.554499626,52.9593977619672,52.9584567132659,7.27732078185146,7.2772561253034
331Ac,57228,20.200567566591,0,253,1156038.08070087,617.793815755072,617.783020448304,24.8554584700237,24.8552413073843
M332Bb,23988,10.3527453167948,0,71.9824447631836,248341.654659271,305.875575751623,305.862824560371,17.489298892512,17.4889343460478
M332Bl,22740,30.683423555453,0,61.1673927307129,697741.051651001,302.149923419192,302.136636263369,17.3824602234319,17.3820780191371
M333De,63661,49.9786644075057,0,102.800323486328,3181691.75484622,302.528836262709,302.524084077914,17.393356095438,17.3932194857052
M332Bp,22465,16.2963298690631,0,61.3773765563965,366097.050508499,295.734914847755,295.721750596036,17.1969449277409,17.1965621737613
M332Bh,26041,31.9045217955954,0,64.5867233276367,830825.652079105,251.379185294048,251.36953208621,15.8549419833075,15.8546375577056
331Kb,156880,0.162635703988976,0,38.3429222106934,25514.2892417908,2.63149533379557,2.63147855985795,1.62218843966895,1.62218326950377
331Aa,34182,12.3156837744107,0,245,420974.702776909,674.208682496185,674.188958410921,25.9655287351555,25.9651489194828
331Ki,13563,4.05014945563689,0,52.6774063110352,54932.177066803,136.90363574466,136.893541839495,11.70058270962,11.7001513596831
331Kd,137533,0.126358025084388,0,38.4352722167969,17378.3982639313,2.13968257392898,2.13966701633499,1.46276538581174,1.46276006793151
M332Bg,80575,28.9994909487358,0,68.2325592041016,2336633.98319435,340.981871766454,340.977639909529,18.4656944566527,18.4655798693009
331Kj,19576,0.044391732143781,0,47.1338424682617,869.012548446655,1.67537525585835,1.67528967273331,1.29436287642158,1.29432981605668
M332Gd,111593,17.2004655220697,0,148,1919451.54900432,593.878584751469,593.873262924968,24.3696242226151,24.3695150326174
M332De,41024,10.5373512875527,0,57.816707611084,432284.299220562,204.932347940246,204.927352514448,14.3154583559258,14.3152838782347
M332Bf,23334,29.1934373668321,0,60.9717674255371,681199.667517662,340.380572200416,340.365984878388,18.4494057411185,18.4490104037693
M332Df,15921,23.7212962002679,0,61.7829742431641,377666.756804466,285.250512588783,285.232595968433,16.889360928963,16.8888305091985
331Kh,63650,0.088158411234267,0,46.072868347168,5611.28287506104,3.02944705062388,3.02939945522639,1.74053068074765,1.7405170080256
M332Ba,26561,32.3117248418482,0,76.324577331543,858231.723524332,323.921667454303,323.909472067554,17.9978239644215,17.9974851595314
331Mf,119302,0.168899307686479,0,51.937801361084,20150.0252056122,4.92361115360666,4.92356988345902,2.21892116885811,2.2189118692411
M332Aa,43690,58.1133842065098,0,121.573150634766,2538973.7559824,387.446215855703,387.437347780266,19.6836535189914,19.6834282527274
M332Db,156946,19.2908511726973,0,67.0696411132812,3027621.92815018,448.219695107995,448.216839223199,21.1711996615212,21.1711322140125
M332Be,13682,5.58653554712853,0,57.6241111755371,76434.9793558121,155.182472210729,155.17113012096,12.4572257028091,12.4567704530894
M332Dk,164056,0.912782050352728,0,57.6250457763672,149747.37205267,25.5609115228547,25.5607557168402,5.0557800113192,5.05576460259378
341At,218934,0.104659913847643,0,34.6212692260742,22913.6135783195,1.31713941476097,1.31713339861265,1.14766694417891,1.14766432314186
331Fj,103892,3.23281227098856,0,60.4048194885254,335863.332457542,72.4523788532936,72.4516814716006,8.51189631358921,8.5118553483715
342Ec,28201,0.104761029282326,0,45.840934753418,2954.36578679085,2.61762286166064,2.6175300414464,1.61790693850439,1.61787825297406
M261Ej,28521,61.3953578065288,0,395,1751057,1208.9764356723,1208.93404668048,34.7703384463294,34.7697288841958
M331Dq,15146,12.8527627794081,0,63.6318702697754,194667.945056915,199.08546935408,199.072324928532,14.1097650353959,14.1092992359129
M341Aa,29041,1.18141098226227,0,39.4719161987305,34309.3563358784,10.3758184369785,10.3754611552583,3.22115172523408,3.22109626606506
331Cc,98355,0.39626212798551,0,64.2780532836914,38974.3615980148,13.3423482752668,13.3422126202591,3.65271792987999,3.65269936078226
M341Ce,13862,22.5034155702543,0,62.3403205871582,311942.346634865,138.428285054695,138.418298884947,11.7655550253567,11.765130636119
M331Hn,46678,24.523719615835,0,85.1333847045898,1144718.18422794,447.276228995524,447.266646832,21.1489060945365,21.1486795529177
331Cd,606189,0.09729499372017,0,69.4052810668945,58979.1549482346,3.3431417204714,3.34313620545592,1.82842602269586,1.82842451456327
M331Il,13392,6.98266520740169,0,58.6369132995605,93511.8524575233,112.920363186125,112.911931259364,10.626399351903,10.6260026001956
341Bg,14837,5.77852820598059,0,36.544506072998,85736.0229921341,53.9495956954993,53.9459595429283,7.3450388491484,7.34479132058415
M331In,54230,21.3605941348117,0,74.9111480712891,1158385.01993084,178.07542315759,178.072139450727,13.3444903670987,13.344367330478
M341Ch,25987,26.8775674633374,0,63.8238182067871,698467.345669746,262.486407965537,262.47630728412,16.2014322812996,16.2011205564344
322Ad,55001,0.001075322835095,0,7.84829139709473,59.1438312530518,0.007154937543531,0.007154807456122,0.084586863894642,0.084586094933638
M341Cj,18726,18.0364146360689,0,60.0619621276855,337749.900475025,138.640654415656,138.633250770755,11.7745766130106,11.7742622176829
M341Cb,33511,16.4533143883046,0,59.5562515258789,551367.018466473,142.482971628385,142.478719801474,11.9366231250042,11.936445023602
341Bn,21781,2.16180073539008,0,23.7038555145264,47086.1818175316,14.2988416547069,14.2981851723758,3.78138091901714,3.78129411344526
M332Ac,66260,59.9289660519216,0,122.987815856934,3970893.2906003,239.601240267219,239.597624190548,15.4790581195116,15.4789413136218
M332Dh,24484,24.8712431277117,0,62.4765739440918,608947.516738892,358.372471251199,358.357834244531,18.9307282282325,18.9303416304231
331Na,50997,0.291876093112699,0,44.6061134338379,14884.8051204681,7.31782382018132,7.31768032499885,2.70514765219596,2.70512112945037
331Kf,873853,0.240958302520418,0,42.8048706054688,210562.135532379,4.46708592819391,4.46708081625182,2.11354818449779,2.11354697517037
331Me,230226,0.056739646058166,0,57.4484596252441,13062.9417533875,1.62458621724279,1.62457916075822,1.27459256911485,1.27458980097842
M332Bd,40663,29.8132710793753,0,69.0179061889648,1212297.04190063,404.049197585724,404.039261053801,20.1009750406721,20.1007278737314
M332Ab,78131,44.4247500613271,0,101.461196899414,3470950.14704156,320.091407895808,320.087311040425,17.8910985659296,17.8909840713256
M332Dj,92739,24.7947526121491,0,64.9844512939453,2299440.56249809,453.503484380587,453.49859427519,21.2956212489936,21.2955064338745
M332Bj,21672,6.91578129403657,0,65.0866317749023,149878.812204361,231.606153956548,231.595467072368,15.21861209035,15.2182609739867
331Ke,156173,0.014318979788015,0,27.841100692749,2236.23803043365,0.233130538593528,0.233129045822443,0.48283593341168,0.48283438757243
M332Bc,47253,39.6658974208598,0,74.3086776733398,1874332.65082788,288.961365583249,288.955250387058,16.9988636556462,16.9986837839598
M332Ao,40310,38.8014807502529,0,98.7024536132812,1564087.68904269,344.503455475951,344.494909123793,18.5608042788008,18.5605740515694
331Mh,46399,0.003993908288487,0,20.5803890228271,185.31335067749,0.069055525133164,0.06905403683546,0.262784179761955,0.262781347959592
M332An,18198,33.4353942157265,0,87.3752212524414,608457.303937793,294.697139521293,294.680945591217,17.1667451638711,17.1662734916818
M332Eg,14625,36.9532112018227,0,66.7681579589844,540440.713826656,259.471848760578,259.454107095706,16.1081298964398,16.1075791817301
331Nb,139413,0.246954960244442,0,40.8923797607422,34428.7318725586,4.96605670234703,4.96602108115888,2.22846510009626,2.22845710776736
M332Am,28964,38.3649262049159,0,88.5275344848633,1111201.72259918,253.470135965097,253.461384752006,15.9207454588376,15.9204706196772
M332All,23042,40.4772795417555,0,77.1936569213867,932677.47520113,162.868481142537,162.861412811613,12.7619936194364,12.7617166874842
M332Aj,18598,32.6828967955167,0,88,607836.514603019,263.407227606986,263.393064405157,16.2298252488123,16.2293889104044
M332Ebb,25292,22.672205485744,0,66.1933212280273,573425.421145439,440.535948633011,440.518530637256,20.9889482498054,20.9885333131512
M332Ej,123973,1.60192182007843,0,82.6714782714844,198595.053800583,60.712330677775,60.711840955572,7.7918117711977,7.79178034569584
M332Dc,45031,10.0980485056537,0,63.0995597839355,454725.222258091,294.619166642221,294.612624056743,17.1644739692838,17.1642833831402
M332Eee,30780,36.3017003997882,0,66.5119247436523,1117366.33830547,437.08260656921,437.068406354572,20.9065206710541,20.906181056199
M332Ee,28378,23.3628145958811,0,67.8393707275391,662989.95260191,414.6173947105,414.602784188451,20.362155944558,20.3617971748186
M332Ap,13503,41.1652679349072,0,77.1902618408203,555854.612925053,234.741613204183,234.724228799739,15.3212797508623,15.3207124116256
M332Dp,26972,13.104624933753,0,60.4819488525391,353457.943713188,256.580619768746,256.57110691765,16.0181340913586,16.0178371485557
M332Ehh,22979,33.3573989495062,0,63.9003677368164,766519.670460701,385.697953403431,385.681168601943,19.6391943165556,19.6387669827294
M332Ax,13063,25.7922651661324,0,72.6222763061523,336924.359865189,352.273817593137,352.246850294845,18.7689588841027,18.7682404688038
331Mi,174134,0.30456945175063,0,55.0363998413086,53035.8969111443,5.72122154707479,5.72118869179353,2.39190751223261,2.39190064421446
M332Fi,48908,34.636405265301,0,70.0383529663086,1693997.30871534,224.180845308436,224.176261582966,14.972669945886,14.9725168753609
M332Ekk,35475,14.8962819148891,0,84.517333984375,528445.600930691,406.756543267038,406.74507726159,20.1682062481282,20.1679219866993
M332Al,9752,39.6347341029934,0,70.1174774169922,386517.926972389,205.277190164005,205.256140411117,14.3274976937358,14.3267630821172
M332Av,77430,7.8445300727178,0,85.4087905883789,607401.96353054,262.898589536172,262.895194229578,16.214147820227,16.2140431179141
342Bb,672800,0.904944100622322,0,128,608846.390898705,28.0531009577966,28.0530592617488,5.29651781435658,5.29651387817957
M332Ak,18866,22.7083917016076,0,78.3820037841797,428416.517842531,386.956838112639,386.936327308117,19.6712185212975,19.6706971739213
M332Az,29965,41.4129491092167,0,70.4201507568359,1240939.02005768,192.241705800616,192.235290258957,13.8651255241565,13.8648941668863
M332Ar,8646,36.942116517919,0,64.547721862793,319401.539413929,235.308027689329,235.280811863781,15.3397531821516,15.3388660553439
M332Egg,36947,0.303181953403332,0,54.6058769226074,11201.6636323929,10.7449305530113,10.7446397329027,3.27794608756936,3.27790172715759
M332Ai,28108,35.9531199017206,0,65.8559265136719,1010570.29419756,184.051664186473,184.04511616939,13.5665641997697,13.5663228683896
M332En,17493,13.1139268324223,0,65.9887924194336,229401.922079563,340.138368669298,340.118924413385,18.4428405802712,18.4423134235753
M332Ah,22939,40.2361405561075,0,76.8527526855469,922976.828216553,129.114174942319,129.108546354546,11.3628418515053,11.3625941736272
342Dk,149282,0.008138958481264,0,12,1215,0.016419444975886,0.016419334986437,0.128138382133872,0.128137952950861
M331Am,25443,23.8826030863628,0,87.463508605957,607645.070326328,487.430796887444,487.411639131012,22.0778349682989,22.077401095487
342Dl,25790,0.022721985265607,0,84,586,1.25040462664836,1.25035614256047,1.11821492864671,1.11819324920179
M332Eh,29815,19.3252458119619,0,62.2667465209961,576182.203883648,346.91516640393,346.903530812235,18.6256588179836,18.6253464615355
M332Fg,32569,37.0613063996702,0,67.763786315918,1207049.68813086,212.316935382858,212.310416394391,14.5710993196415,14.5708756220891
M332As,20800,33.0815937192279,0,68.6944427490234,688097.149359941,223.624548353568,223.613797173359,14.9540813276366,14.953721850207
331Gi,60451,1.34397891992707,0,34.2986869812012,81244.8696885109,18.9763150835784,18.9760011712348,4.35618125008343,4.35614521925461
315Ha,139760,0.044551110728236,0,23.7343769073486,6226.46323537827,0.318036179337017,0.318033903749014,0.563946965003817,0.563944947445239
M331Ae,15769,21.6378887726475,0,59.4592018127441,341207.86805588,153.16860717863,153.158893905298,12.3761305414346,12.3757381155751
342Dd,79425,0.958408698117093,0,79.8745574951172,76121.61084795,33.8686633443421,33.8682369211335,5.81967897261886,5.81964233618644
M332Aq,11754,0.532688386224862,0,39.308177947998,6261.21929168701,13.3019096177048,13.3007779255474,3.64717830900887,3.64702315944763
342Dc,29227,0.004470565037057,0,23.4690971374512,130.661204338074,0.078240016557604,0.07823733958027,0.279714169390119,0.279709384147671
M331Ai,12714,10.843886456269,0,83.1356582641602,137869.172405005,338.887224187318,338.860569536996,18.4088898140903,18.4081658384804
M331Iw,30713,23.7855216080553,0,85.8560180664062,730524.725148201,505.208806606512,505.192357259115,22.4768504601181,22.4764845396053
M331Hm,19304,14.842998813654,0,84.5727081298828,286529.249098778,212.634306291296,212.623291252636,14.5819856772422,14.5816079789794
341Bm,73319,2.23223464459943,0,71.8953323364258,163665.211907387,50.9389427466416,50.9382479889015,7.13715228551567,7.13710361343462
322Ac,87224,0.003413633590421,0,7.24254894256592,297.750776290894,0.016802210896993,0.016802018264106,0.129623342407888,0.129622599357157
M341Ae,96157,8.14280088564715,0,49.0528335571289,782987.304761171,63.1359531964301,63.1352966040531,7.94581356416258,7.94577224717982
341Dc,8828,0.433786606378126,0,47,3829.46816110611,7.44817835159916,7.44733465219368,2.72913509222229,2.72898051517296
M331Id,52717,0.93918432551161,0,58.7055015563965,49510.9800879955,22.7080306392782,22.7075998858089,4.76529439166965,4.76524919451322
M331Iv,57537,32.8351527570834,0,84.6738433837891,1889236.18418431,543.92231612739,543.912862691929,23.3221421856439,23.3219395139411
342Eb,19119,0.001795232355224,0,5.0655369758606,34.3230473995209,0.007790965389232,0.00779055789065,0.088266445432182,0.088264137058323
M341Di,198316,3.07632981577701,0,49.9519500732422,610085.423745632,31.2304827819986,31.2303253036167,5.58842399805156,5.58840990833857
341Aq,67425,0.658310655534468,0,44.5535049438477,44386.5959494114,11.3967653646603,11.3965963358822,3.37590956109021,3.37588452644372
M261El,10046,12.5224965160263,0,403,125801,822.707059809594,822.625165815984,28.682870494593,28.6814428823932
342Fg,76721,0.015430920927774,0,40.7540817260742,1183.87568449974,0.279362334602699,0.279358693326717,0.528547381606133,0.528543936987945
341Da,11012,4.13848528877587,0,136,45573,182.927237302209,182.910625675138,13.5250596043865,13.5244454849409
342Gj,31961,0.18130066652836,0,56.9887924194336,5794.5506029129,4.17344817110673,4.17331759170775,2.04290189953085,2.04286993998829
341Db,20763,23.1363648954215,0,90,480380.344323635,500.753461633443,500.729344046311,22.3775213469554,22.3769824606963
M341Dl,180372,0.462616516126379,0,27.7389163970947,83443.066246748,5.27457177945488,5.27454253671333,2.29664358999277,2.29663722357566
331Fn,165308,0.0402418590346,0,58.7418518066406,6652.30123329163,1.10584656251339,1.10583987290029,1.05159239371222,1.05158921300111
315Bc,205158,0.27441964821101,0,22.8826541900635,56299.3861876726,2.09119211281822,2.09118191973722,1.44609547154336,1.44609194719327
322Cd,60724,0.000314675844255,0,4.9758620262146,19.1083759665489,0.000986747902819,0.000986731653101,0.031412543717747,0.031412285066529
313Ca,101237,1.16869944888786,0,49.8076171875,118315.626107059,5.28689999050643,5.28684776750505,2.29932598613299,2.29931462995064
M331Dc,17432,8.87623800434419,0,77.9103622436523,154730.580891728,237.276786798784,237.263175234603,15.4037913124913,15.4033494810253
M331Ad,46405,13.2577116468756,0,85.032600402832,615224.108973265,415.559967571377,415.551012502579,20.3852880178666,20.3850683713001
342Bj,43499,3.72155681739816,0,78,161884,135.690548902762,135.687429508088,11.6486286275579,11.6484947314272
342Cd,86509,0,0,0,0,0,0,0,0
M331Hf,21559,9.75685662826026,0,73.4106140136719,210348.072048664,131.250487312544,131.244399345231,11.4564605054329,11.4561948021684
341Bo,50123,8.03792580218188,0,85.6447448730469,402884.954982758,94.962498586137,94.9606039968549,9.74487037297762,9.74477316292457
M331Ik,78998,27.5802128013472,0,89.0235595703125,2178781.65088081,528.422311315455,528.415622256095,22.9874381198831,22.9872926256246
313An,32168,1.635413689543,0,44.8666191101074,52607.9875652194,10.5279933448654,10.5276660633016,3.24468694096447,3.24463650711472
M331Gd,22678,8.44814963090121,0,79.6333847045898,191587.137329578,109.086693472025,109.081883228905,10.4444575480024,10.4442272681566
313Al,10000,0.090822274646163,0,6.70752573013306,908.22274646163,0.343175200692613,0.343140883172544,0.585811574392836,0.585782283081815
313Db,368323,0.232123565874397,0,13.0933465957642,85496.4481535554,1.23261793774693,1.232614591179,1.11023328077793,1.11023177363063
M313Al,127926,23.4831498578086,0,116.389854431152,3004105.42870998,197.939777872335,197.938230573288,14.0691072166053,14.0690522272571
322Ba,73048,0,0,0,0,0,0,0,0
313Cb,23507,1.19685573225075,0,9.78257846832275,28134.4876980186,4.42020816382162,4.42002012586851,2.10242911029638,2.10238439060713
M313Bd,240147,2.72608105045832,0,47.3112716674805,654660.186024427,37.4221088898883,37.4219530598805,6.1173612685445,6.11734853182983
315Bd,119321,0.000822997385127,0,7.20575761795044,98.2008709907532,0.00444812581268,0.00444808853403,0.066694271213353,0.066693991738613
322Bf,872508,0.02017169407118,0,10.6194581985474,17599.9644506574,0.061558035572228,0.061557965019252,0.248108918768004,0.248108776586505
M313Af,20856,27.0967850111594,0,71.8828506469727,565130.548192739,163.930982251243,163.923122115922,12.8035535009326,12.8032465459321
322Be,67437,0.001805780599456,0,9.36905002593994,121.776426285505,0.010335882389417,0.010335729122184,0.101665541799652,0.101664788015241
322Bd,30942,0.031766037058603,0,15.814115524292,982.904718667269,0.340022606233272,0.34001161720198,0.583114573847431,0.583105151067952
315Hb,20404,2.00504387689324,0,44.6181335449219,40910.9152641296,24.0537866232149,24.0526077471796,4.90446598756836,4.90434580216155
313Bp,29222,14.6219156811626,0,45.7609977722168,427281.620034933,99.8961951246944,99.8927765977242,9.99480840860366,9.99463739200798
M332Fc,16497,10.1037526856034,0,61.2394256591797,166681.608054399,230.824598778181,230.810606864573,15.1929127812339,15.1924522992364
M332Aw,12831,6.23691975586358,0,55.7938766479492,80025.9173874855,153.805181425222,153.793194426436,12.4018216978484,12.4013384127051
342Dm,65120,0.041451504980317,0,38.1982841491699,2699.32200431824,1.12555389966086,1.1255366153565,1.0609212504521,1.06091310452671
331Gg,136226,0.059227589410142,0,40.1721229553223,8068.33759498596,0.897571420545828,0.897564831705074,0.947402459647339,0.947398982322165
M332Fa,26566,0.574194993131317,0,45.4324722290039,15254.0641875267,15.8245420249683,15.823946355992,3.97800729322714,3.97793242225054
342Ac,34104,1.71303243592203,0,71.8777694702148,58421.258194685,65.1156921700285,65.1137828429064,8.06942948231339,8.0693111752433
M331Da,61407,28.7009024702934,0,89.5313262939453,1762436.31799331,544.155870590697,544.147009127499,23.3271487882831,23.3269588486691
331Fb,343817,0.248544488602671,0,49.8351402282715,85453.8204379082,4.37061342300447,4.37060071097039,2.09060121089711,2.09059817061299
342De,96224,0.002337161829434,0,18.4956531524658,224.891059875488,0.032753906914355,0.032753566522073,0.180980404780061,0.180979464365637
331Ge,429068,0.066781525593339,0,30.2650699615479,28653.8156232834,0.900294885823635,0.900292787566749,0.948838703797245,0.948837598099247
M331Bb,47997,24.6627601250127,0,77.0921325683594,1183738.49772024,363.029096645304,363.0215330664,19.0533224568657,19.0531239713177
342Dh,60332,0.000906550583121,0,10.6314926147461,54.6940097808838,0.008314322142406,0.008314184332916,0.091182904880277,0.091182149201012
331Ff,57343,0.000533572356402,0,15.2983198165894,30.5966396331787,0.008162618201322,0.008162475854075,0.090347209150708,0.090346421368389
M331Ac,50209,26.0131777145555,0,90.959114074707,1306095.63987011,563.974521075839,563.963288537428,23.7481477398941,23.7479112457797
M331Db,22366,22.0816090141076,0,82.2789077758789,493877.26720953,424.318133523897,424.299161953946,20.5989837983309,20.5985232954682
M331Ja,74659,21.4503108090107,0,87.5155181884766,1601458.75468993,547.138004967115,547.130676473497,23.3909812741389,23.3908246214942
M331Jb,21068,18.5238095296839,0,80.233039855957,390259.619171381,447.813387099382,447.792131480097,21.1616017139389,21.1610994865602
M331Du,30375,3.36054054728066,0,41.2672271728516,102076.41912365,74.7488919950046,74.7464311261323,8.64574415507448,8.64560183712692
M331Di,35682,0.172418857661808,0,38.8196678161621,6152.24967908859,4.16319923825124,4.16308256319832,2.04039193250984,2.0403633409759
342Aa,35426,0.240594023544515,0,39.918384552002,8523.283878088,1.9702919007962,1.97023628368163,1.40367086626324,1.40365105481442
M331Dk,21968,10.4123059314527,0,43.0348587036133,228737.536702156,184.507728868502,184.499329936926,13.5833622078078,13.5830530418211
342Ja,240669,1.17994790988827,0,48.7487335205078,283976.883524895,25.867412297943,25.8673048166625,5.08600160223559,5.08599103584174
341Gc,135066,0.068431361728847,0,42.8655700683594,9242.75030326843,1.77734310265046,1.77732994357932,1.33317032019561,1.33316538493141
341Gb,169481,0.32294521963224,0,45.7829170227051,54733.0787684917,8.07823799745162,8.07819033288747,2.84222412864496,2.8422157435507
M331Dm,70619,14.090063901622,0,84.2424697875977,995026.222668648,351.052878260854,351.047907178309,18.7364051584303,18.7362724995744
342Bc,79467,0.138963343274567,0,63,11043,4.87096906601835,4.87090777052379,2.2070272010146,2.20701331453251
342Ge,62957,0.70535024238485,0,70.1218566894531,44406.7352098227,26.3866212133296,26.3862020920053,5.13679094506771,5.1367501488787
342Fb,81886,0.003851667011972,0,4.61950635910034,315.397604942322,0.016003003475647,0.016002808045372,0.126502978129556,0.126502205693705
M331Do,22721,12.7954248053354,0,75.9142837524414,290724.847002029,218.527899235616,218.518281353514,14.782689174694,14.7823638621674
M331Dn,42647,15.1178380661805,0,73.8602294921875,644730.440008402,233.879328876795,233.873844802209,15.2931137730939,15.2929344732203
341Ga,30135,0.000980096648972,0,10.810248374939,29.5352125167847,0.0097513744378,0.009751050848138,0.098749047781736,0.09874740932368
342Bg,42977,0.039452643470694,0,12.101282119751,1695.55625844002,0.302260196774731,0.302253163705955,0.549781953846005,0.549775557574139
342Db,117005,0.008316036974394,0,27.1743965148926,973.017906188965,0.114843690021992,0.114842708493938,0.338885954300251,0.338884506128471
342Cc,63019,0.109617455218759,0,56,6907.98241043091,4.32999828881425,4.32992957940457,2.08086479349675,2.08084828361045
342Df,127533,0,0,0,0,0,0,0,0
342Cb,67441,0,0,0,0,0,0,0,0
M331Dd,84506,16.0042417291414,0,81.7256393432617,1352454.45156282,310.163227541697,310.15955723157,17.6114516023438,17.6113473996617
M334Aa,95271,4.45368917899469,0,57.2529411315918,424307.421772003,62.9524569008752,62.9517961283746,7.93425843421269,7.93421679363342
342Bl,38239,0.00120296032846,0,25,46,0.02787657994207,0.027875850932945,0.166962810056822,0.166960626894322
M341Cc,25358,19.5910655797416,0,60.9298896789551,496790.240971088,177.865426776899,177.858412602801,13.3366197657764,13.3363567964718
M331Ij,47407,3.63877469918433,0,76.455436706543,172503.39216423,85.5176392924927,85.5158353892866,9.24757477896193,9.24747724459415
M334Ab,110920,20.9028249047098,0,54.4830284118652,2318541.3384304,113.563589974934,113.562566141631,10.6566218838304,10.6565738462993
M331Aj,22748,21.8917069759188,0,94.5696487426758,497992.5502882,596.630140582496,596.60391277607,24.4260136039939,24.4254767154312
331Gb,170269,0.142823651135349,0,40.9643707275391,24318.4402551651,2.2878514196257,2.28783798293775,1.51256451750849,1.51256007581112
342Fa,128974,0.215113247383848,0,62.9657707214355,27744.0159680843,8.21426215576886,8.21419846648144,2.86605341118564,2.86604230019053
342Bd,42377,0.523039946513443,0,94,22164.8638134003,20.0917020963799,20.0912279782947,4.48237683560629,4.48232394838823
M331Df,88721,24.6943990605985,0,95.1944961547852,2190911.77905536,504.05540299686,504.049721642919,22.4511782095475,22.4510516823359
341Ea,519360,0.009264658985043,0,55,4811.69329047203,0.153753738573946,0.153753442529317,0.39211444576035,0.392114068262435
342Gf,70737,0.138714784769441,0,49.2573738098145,9812.26773023605,2.48630974934413,2.48627460069845,1.57680364958486,1.57679250400884
M331Ed,8112,7.92804067089595,0,65.8156204223633,64312.265922308,152.325626446012,152.306848632101,12.3420268370317,12.3412660870796
M341Dj,51179,7.39457144545133,0,44.1679840087891,378446.77200675,50.928418919423,50.9274238155929,7.13641499069547,7.1363452702061
M331Ek,20522,26.0746297375314,0,64.782096862793,535103.551473618,201.734120136438,201.724289997068,14.2033137026695,14.20296764754
341Fl,98139,0.57143447860336,0,19.603702545166,56080.0082956553,5.75049460626192,5.75043601085534,2.39801889197352,2.39800667448098
322Ar,53401,5.61177804623044,0,54.118278503418,299674.559446752,102.357280974871,102.355364207751,10.1171775201818,10.1170827913856
M331Ii,38313,12.3887785568627,0,80.9998016357422,474651.272849083,123.585920771447,123.582695079886,11.1169204715806,11.1167753903678
313Aj,40193,8.99420179805974,0,42.2319068908691,361503.952869415,46.7214843480148,46.7203219196231,6.83531157651316,6.83522654486471
322Aq,30437,0.511130023025922,0,24.9881267547607,15557.2645108402,4.86035561661608,4.8601959308515,2.20462142251591,2.20458520607653
331Ig,129424,0.087607949268452,0,38.1526908874512,11338.57122612,1.98311154733317,1.98309622473808,1.40822993411345,1.40822449372892
322Ay,104134,0.007457049320729,0,11.9462785720825,776.532373964787,0.062198149281579,0.062197551992036,0.249395567886798,0.24939437040967
313Ac,200060,3.78713498871636,0,69.0994415283203,757654.225842595,76.9208068094475,76.92042232076,8.77045077572684,8.77042885614837
322Al,94799,0.104872947752789,0,16.4543361663818,9941.85057401657,0.705477735606096,0.70547029377933,0.83992722042216,0.839922790367859
313Ba,121632,8.36556316310399,0,45.0279235839844,1017520.17865467,88.4242355819886,88.4235086003095,9.40341616552137,9.40337751025181
M331Gk,78924,17.5913544573238,0,84.0143203735352,1388380.0591898,290.657303378583,290.653620629314,17.0486745343614,17.0485665271105
M331Em,24436,14.7511042242921,0,78.4293975830078,360457.982824802,206.921963099115,206.913495184436,14.3847823445165,14.3844880056412
M331Ee,13893,5.72548917895869,0,57.3826751708984,79544.2211632729,87.1935721954384,87.1872961159599,9.33774984648006,9.33741378091171
M331Iu,71602,30.342378568171,0,96.5937042236328,2172574.99023819,492.742247660718,492.735365977976,22.1977982615555,22.1976432527865
341Av,112498,1.69996651850115,0,35.48681640625,191242.833398342,16.9021625307387,16.902012286623,4.1112239699071,4.11120569743512
M331Ei,22717,11.3984516629684,0,71.9643325805664,258938.62642765,155.329986825899,155.323149215879,12.4631451418131,12.4628708256115
342Jb,53203,0.044234684817117,0,27.2329254150391,2353.41793632507,0.578229911747167,0.578219043376742,0.760414302697659,0.760407156316103
342Ga,286907,0.095481540726919,0,50.251106262207,27394.3224053383,2.76227303658024,2.76226340881571,1.66200873541033,1.66200583898364
342Ea,89276,0.241160750864461,0,43.3035125732422,21529.8671941757,5.57419392227095,5.57413148450579,2.36097308800227,2.36095986507729
342Fl,25325,0.003301836006262,0,17.8746242523193,83.6189968585968,0.042675155481327,0.042673470381407,0.206579658924413,0.206575580312404
341Dk,38786,2.88283015017917,0,118,111813.450204849,101.870651553845,101.86802507389,10.0930992045974,10.0929690910995
342Bf,13999,2.72845525647565,0,56,38195.6451354027,67.3122631022999,67.3074547400525,8.20440510349775,8.20411206286533
341Eb,100852,0.148965437973343,0,16.1127529144287,15023.4623504877,1.3363706202263,1.33635736941699,1.15601497404934,1.15600924279047
M341Ai,214713,1.3832364393672,0,45.7418937683105,296998.84560585,15.9928520179954,15.9927775332086,3.99910640243485,3.99909708974521
341As,121606,0.026879558468654,0,15.0898485183716,3268.71558713913,0.272455328770267,0.272453088294231,0.52197253641381,0.521970390246641
341Ar,43817,0.067101454303312,0,11.9046192169189,2940.18442320824,0.560363719709529,0.56035093098096,0.748574458360375,0.748565916256518
342Fc,126718,0.70459607303793,0,58.7726974487305,89285.0051832199,14.0230201658515,14.0229095026452,3.74473232232311,3.74471754644396
331Hf,227763,0.188537469096567,0,70.7017822265625,42941.8595738411,5.6924925698639,5.6924675768116,2.38589450099201,2.38588926331706
341Fo,287172,1.9028527224153,0,42.863826751709,546446.022001445,18.1296796451657,18.1296165133853,4.25789615246376,4.25788873896269
M331Dy,26595,11.5133999031499,0,56.0141906738281,306198.870424271,90.5700394229486,90.5666338941114,9.51682927360518,9.5166503505231
M331Ej,14743,5.02318802664529,0,37.2920074462891,74056.8610768318,39.5978061421813,39.5951202705037,6.29267877316023,6.2924653571159
M341Ac,15456,8.69089059238596,0,47.094165802002,134326.404995918,84.3366626689454,84.3312061043318,9.18349947835494,9.18320238829199
M331Eg,10273,7.80694440252929,0,27.1601886749268,80200.7398471832,46.5506009439958,46.5460695898691,6.8228000809049,6.82246799844962
341Ca,140288,0.927150015297748,0,26.8406391143799,130068.021346092,9.1844520829332,9.1843866143822,3.03058609561471,3.03057529429351
M331Iq,18675,34.5828302661738,0,86.8429260253906,645834.355220795,507.078652444456,507.051499638435,22.5184069695095,22.517804058976
M331Fg,101219,27.873771959366,0,82.4631042480469,2821355.32395506,258.722652676041,258.720096607984,16.0848578693143,16.084778413394
341Au,80306,2.28276342296201,0,45.661792755127,183319.599444389,27.6956533957456,27.6953085192308,5.26266599697773,5.26263323054446
331Fr,116734,0.269355912070244,0,70.2182769775391,31442.993039608,7.16061235278779,7.16055101151316,2.67593205309623,2.67592059140647
342Gd,78168,0.003053290260667,0,5.11686944961548,238.669593095779,0.013087692555213,0.013087525124902,0.114401453466346,0.114400721697468
M331Ec,17987,25.892392393918,0,63.1434555053711,465726.461989403,207.229698238254,207.218177156459,14.3954749222891,14.3950747534169
341Dn,14756,5.37889709735057,0,37.1186981201172,79371.0055685043,39.5068420274836,39.5041646866034,6.28544684389929,6.28523386093178
342Fk,21050,0.001211055859817,0,4.47995615005493,25.4927258491516,0.005150023670049,0.005149779013342,0.071763665388892,0.071761960768519
342Fd,30547,0.011876055990361,0,17.7042694091797,362.77788233757,0.126139603435488,0.126135474074064,0.355161376609969,0.355155563203033
342Ff,61935,0.092333876577544,0,62.0559844970703,5718.69864583015,2.04242975341996,2.04239677643193,1.4291360164169,1.42912447898422
M331Dr,15429,21.0763967216606,0,91.5622940063477,325187.725018501,252.364121776732,252.34776529726,15.8859724844509,15.885457667227
M331Dw,18624,11.3877809710826,0,65.9094161987305,212086.032805443,166.440714528585,166.431777634549,12.9011904306767,12.9008440667481
341Dd,28203,19.9097677733896,0,127,561515.180512905,793.043249749997,793.015130640337,28.1610235920145,28.1605243317723
M331Eb,56028,23.6382537161317,0,78.9876556396484,1324404.07920742,318.432346695382,318.426663245202,17.8446727819644,17.8445135334422
M331Ea,18352,26.0104363967568,0,82.1990966796875,477343.528753281,186.141975248214,186.131832376851,13.6433857692368,13.6430140503062
313Ai,44712,5.16560174321889,0,38.0931739807129,230964.385142803,27.846097182399,27.8454743943962,5.27694013443387,5.27688112376962
331Ie,110444,0.072936668196011,0,63.231273651123,8055.4173822403,2.44164492925481,2.44162282171679,1.56257637549491,1.56256930141251
313At,19371,1.77717600006132,0,16.3617725372314,34425.6762971878,13.4045943122277,13.4039023193356,3.66122852499372,3.66113402094701
M331Gf,17612,15.4577341426537,0,82.1012191772461,272241.613720417,341.620457600321,341.601060572295,18.4829775090574,18.4824527747887
341Be,24926,2.53982085092371,0,29.8534355163574,63307.5745301247,25.5893252150254,25.5882986032459,5.05858925146383,5.05848777830351
331If,194072,0.075272744689115,0,26.5121326446533,14608.3321073055,0.74465585069687,0.744652013688694,0.862934441714358,0.862932218478772
M331Gu,147816,25.3983249821958,0,83.2651290893555,3754278.80556822,422.179589221622,422.176733105984,20.547009252483,20.5469397503858
341Bh,23416,15.8337863139785,0,89.8001174926758,370763.940328121,153.976750743839,153.970175037026,12.408736871408,12.4084719057999
313Ad,57787,0.926897285829846,0,24.2249584197998,53562.6134562492,7.09364309229175,7.09352033729335,2.66338939929777,2.66336635431428
M331Fa,109202,29.0081105943772,0,84.1731109619141,3167743.69312716,374.816074749864,374.81264243109,19.3601672190574,19.3600785750237
M331Fb,40718,18.629745158824,0,87.4558486938477,758565.963376999,260.592523563789,260.58612362952,16.1428784163107,16.1426801873022
331Ja,104104,0.37276516582802,0,48.5443801879883,38806.3448233604,7.04245241107191,7.04238476283158,2.6537619356438,2.65374918988807
M331Fc,36071,3.42456353227276,0,55.4198951721191,123527.431172609,41.2368020535361,41.2356588414806,6.42158874839678,6.42149973460099
313Ab,150761,1.82481158089972,0,29.445484161377,275110.418748021,17.8643435811321,17.8642250866701,4.22662318892187,4.22660917127076
M331Gn,40922,31.6281812580082,0,87.5990371704102,1294288.43344021,343.443314160707,343.434921528036,18.5322236701564,18.5319972352695
322At,33283,0.278514983504808,0,16.4080352783203,9269.81419599056,1.62103242137968,1.62098371686322,1.27319771496012,1.27317858796919
313Ag,9695,9.83360419304119,0,44.148738861084,95336.7926515341,52.683199796543,52.6777657377708,7.25831935068601,7.25794500790484
313Ao,97506,2.18819058540566,0,64.9763565063477,213361.711220562,54.0585702646862,54.0580158519294,7.35245335005168,7.3524156473862
M331Gq,16832,24.7279073861727,0,78.3557586669922,416220.137124062,467.402079019665,467.374310360027,21.6194837824511,21.6188415591592
313Ar,14082,19.9387602570754,0,72.5248565673828,280777.621940136,228.792225836359,228.775978696334,15.1258793409295,15.1253422670806
322Aj,61310,0.1101202462241,0,23.9601001739502,6751.47229599953,1.2167487425479,1.21672889670313,1.10306334475763,1.10305434893442
322Av,193174,0.649643742414233,0,19.8415241241455,125494.280297127,2.93099807274938,2.93098289991001,1.7120157922021,1.71201136091733
313Am,91686,0.230645008144155,0,13.1695652008057,21146.9182167053,0.977568567571187,0.977557905435555,0.988720672167416,0.988715280268063
322Am,171752,0.003853776718014,0,14.6259145736694,661.893858872354,0.020833873547631,0.020833752245558,0.144339438642495,0.144339018444627
322Az,257561,0.613721328656196,0,48.556568145752,158070.679130018,10.5328496011851,10.5328087066024,3.24543519442079,3.24542889409126
331Ia,211151,0.175048503230272,0,38.5578804016113,36961.6665055752,1.4152957945778,1.41528909181156,1.18966205057479,1.18965923348308
M331Dx,16024,18.8231502070286,0,91.6510543823242,301622.158917427,215.505704428585,215.492255495458,14.6801125482261,14.6796544746618
M331Ha,35967,13.1877644584326,0,78.7887878417969,474324.324276447,381.558487938916,381.547879367505,19.5335221590709,19.5332506093457
342Gg,70143,0.970499543065622,0,26.5242958068848,68073.7494492531,8.85600097763705,8.85587472126111,2.97590338849181,2.9758821752988
341De,43536,3.66819731497404,0,55,159698.63830471,28.7308679104523,28.7302079768822,5.36011827392384,5.36005671396135
341Ax,225746,1.10438814851954,0,30.7066955566406,249311.206975698,11.7969322685825,11.7968800110352,3.43466625286686,3.43465864548942
M331Dz,12667,11.951494948004,0,67.1856994628906,151389.586506367,167.286271592906,167.273065129529,12.933919421154,12.9334088750619
M331El,18748,3.67627980657191,0,34.8004035949707,68922.8938136101,36.8716217079992,36.8696550117271,6.07220073021299,6.07203878542678
M331Ib,84020,22.5360315047908,0,83.0703048706055,1893477.36703253,329.945609085659,329.941682096738,18.1644050022471,18.1642969062042
341Df,10707,0.299265301126252,0,52,3204.23357915878,7.32223452886271,7.32155065527264,2.70596277300016,2.70583640585913
M331Eh,24477,5.06080167993987,0,31.0975437164307,123873.242719889,38.4263159970279,38.424746102188,6.19889635314448,6.19876972488799
341Aw,102504,0.232611099832428,0,17.7078037261963,23843.5681772232,2.36312454581727,2.36310149184332,1.5372457662382,1.5372382677527
M331Io,36840,6.13056382786051,0,76.6448822021484,225849.971418381,246.974804522654,246.968100537732,15.7154320501428,15.7152187556436
M341Be,27176,11.8532902297988,0,63.2528343200684,322125.015285015,112.897435135871,112.893280829309,10.6253204721491,10.6251249794677
M341Ct,62046,14.8968854083071,0,82.1769027709961,924292.152043819,201.906096345608,201.902842210026,14.2093665005027,14.2092519933326
331Ha,182132,0.061631694124194,0,62.0021018981934,11225.1037142277,2.22308323995243,2.22307103406198,1.49100075115757,1.49099665796472
M341Bf,20198,13.101798082392,0,62.0072021484375,264630.117668152,157.337572158102,157.329782398118,12.5434274485924,12.5431169331278
M331Hb,76275,9.35329603227068,0,82.326301574707,713422.65486145,258.849968981788,258.846575340766,16.0888150272725,16.0887095610793
M341Cs,14638,22.4797686574758,0,88.5487670898438,329058.853608131,251.40274339781,251.385568733006,15.8556848921076,15.8551432895766
331He,22987,1.65147601735127,0,59.8524932861328,37962.4792108536,32.9594876613655,32.9580538297363,5.74103541718439,5.74091054012656
M341Ad,19851,10.1967683154313,0,49.1023864746094,202416.047829628,110.475604234154,110.470038992895,10.5107375685132,10.5104728244211
M341Cr,14981,11.3424805373552,0,50.9119415283203,169921.700930119,106.269244210074,106.262150608565,10.3086975030832,10.3083534382832
M341Ci,40202,2.20904218228348,0,51.9099578857422,88807.9138121605,31.7476041612707,31.7468144591623,5.63450123447237,5.6344311566619
313Df,8163,16.760534029636,0,37.8477783203125,136816.239283919,39.4779191141349,39.4730829118669,6.28314563846286,6.28276077149742
M331Ff,21122,11.3174100844837,0,36.0261535644531,239046.335804462,60.6222541553237,60.6193840552312,7.78602942168367,7.78584510860775
M313Ak,104374,6.34959660659491,0,82.4030609130859,662732.796216726,55.8692907165309,55.8687554367608,7.47457629010039,7.47454048331808
331Bd,672371,0.142368018653677,0,57.6333999633789,95724.1270701885,2.13966634197203,2.13966315970162,1.46275983742104,1.4627587496582
331Bc,73128,1.37755355096439,0,37.1252212524414,100737.736074924,14.6841922498153,14.6839914485866,3.83199585722836,3.83196965653261
M331Fh,66165,12.7134114471807,0,69.076286315918,841182.868402719,121.478151672866,121.476315684781,11.0217127377221,11.0216294478077
M331Gm,68752,22.1672563054986,0,88.5018157958984,1524043.20551562,296.391532178608,296.387221154461,17.2160254466183,17.2159002423475
313Da,125909,0.186359664857358,0,24.864803314209,23464.3590425253,1.46881527048787,1.4688036047986,1.21194689260209,1.21194207980357
313Dc,31863,5.56776399666748,0,32.1219863891602,177405.664225817,27.8609873164234,27.8601129170474,5.27835081407284,5.27826798458049
331Jd,15121,0.349212785694586,0,16.0849323272705,5280.44653248787,1.55633440851052,1.55623148314788,1.24753132566302,1.24749007336647
313Cd,176192,8.90362360860533,0,65.559814453125,1568747.2508474,70.8529162841691,70.8525141494735,8.41741743554216,8.41739354844916
313Cc,188541,5.47138977636465,0,73.7286376953125,1031581.29982558,77.374835830879,77.3744254435583,8.79629671116652,8.79627338385741
313Bo,372835,3.28175136357529,0,42.4853477478027,1223551.7696386,25.3795300849212,25.3794620131734,5.03781004851525,5.03780329242552
341Bp,38420,17.7690185168085,0,74.4427032470703,682685.691415787,226.916134250213,226.910228052028,15.0637357335494,15.0635396919857
M331Gc,52350,9.04362614940897,0,81.972785949707,473433.828921556,246.988161144953,246.983443128504,15.7158569968345,15.7157068924215
313Ae,51588,0.978021371874792,0,49.492805480957,50454.1665322781,11.6989164773869,11.6986897014608,3.42036788626412,3.42033473529431
315Ad,389490,0.056337007314374,0,18.7072315216064,21942.7009788752,0.322938115867846,0.322937286737147,0.568276443175191,0.568275713661201
313Bs,20897,1.74581075639948,0,18.3462390899658,36482.2073764801,12.4067444235107,12.4061507141542,3.52232088593738,3.52223660678186
M313Ah,137597,28.6552612397992,0,107.813842773438,3942877.98081267,288.749835184419,288.747736666027,16.9926406183506,16.9925788703783
341Fn,14589,6.81071446870417,0,53.8200836181641,99361.513383925,70.1689410812291,70.1641313656159,8.37669034172979,8.37640324755296
341Bq,27944,9.09020270939174,0,55.7860870361328,254016.624511242,74.7859235655352,74.7832472871367,8.64788549678678,8.64773075940369
322As,39254,0.087838389294891,0,12.9061679840088,3448.00813338161,0.783013474775472,0.782993527420431,0.884880486153623,0.884869214867616
313Ak,63384,0.583056991983589,0,22.7104530334473,36956.4843798876,5.56377962972733,5.56369185079842,2.35876654837382,2.35874794134482
313Ah,104316,2.58046623681392,0,36.7022895812988,269183.915959477,22.1977442063846,22.1975314131007,4.71144820690885,4.71142562427772
M313Ag,68459,5.1385142498939,0,70.9473571777344,351777.547033489,58.6226271956267,58.6217708783099,7.65654146437063,7.6564855435317
315Ba,1232425,0.004699451910651,0,31.5525131225586,5791.7220209837,0.075948026776708,0.075947965151841,0.27558669557275,0.275586583766047
341Fj,281720,0.325475420933898,0,42.9922523498535,91692.9355854988,3.78395677926863,3.78394334764581,1.94523951719798,1.94523606476073
M313Ad,232474,6.12955685387639,0,73.4866943359375,1424962.60004807,78.5789931319568,78.5786551199936,8.86447929277049,8.8644602272216
322Ce,22736,0,0,0,0,0,0,0,0
M313Am,44153,0.554478641906613,0,16.2776870727539,24481.8954761028,3.81866815823191,3.81858167105871,1.95414128410202,1.95411915477504
M341Bb,49228,9.34199927950059,0,53.9787826538086,459887.940531254,65.8135814200966,65.8122445065226,8.11255702106904,8.11247462285847
M331It,9975,25.5128014227501,0,76.0105972290039,254490.194191933,465.358208879265,465.311556427247,21.5721628233996,21.571081484878
341Bb,79747,0.501075679585275,0,25.5639362335205,39959.2822198868,4.50406833628627,4.50401185681574,2.12227904298334,2.12226573661635
341Fm,174043,3.95848348980271,0,35.7364883422852,688946.342015743,31.3217547252492,31.3215747596389,5.59658420156878,5.59656812338051
341Ac,39768,9.72744866982001,0,35.4714202880859,386841.178701401,31.8982515419367,31.8974494334187,5.64785371109563,5.64778270061966
341Aa,111227,1.20650973678576,0,38.1630249023438,134196.458493471,13.4747024478967,13.4745813019299,3.67079043911481,3.67077393773165
M341Cn,25697,15.7273771508536,0,75.1985092163086,404146.410645485,267.729069963464,267.718651273735,16.3624286083535,16.362110232905
331Cf,95751,0.167315779730186,0,74.8312530517578,16020.6532249451,6.83293670817597,6.83286534665799,2.61398865876958,2.61397500880517
M313Bf,127203,2.19482069165433,0,57.7209548950195,279187.776440501,23.7801251771151,23.7799382308546,4.87648697087515,4.8764678027087
M313Bb,61163,1.15147614228029,0,34.1132316589355,70427.7352902889,7.98768940720317,7.98755881044684,2.82625006098243,2.82622695664146
321Ag,413189,0.054343642921235,0,27.0388927459717,22454.1954749823,0.418964839552378,0.418963825573692,0.647274933511548,0.647274150243691
321Ae,109041,0.001681624434393,0,10.4042778015137,183.366009950638,0.011429566430143,0.011429461611162,0.106909150357406,0.106908660131732
M313Ac,8320,6.37647000827755,0,45.7999038696289,53052.2304688692,64.5172469307018,64.5094924539072,8.03226287734047,8.03178015472954
M331Hl,45463,15.4942072457473,0,84.0127029418945,704413.144013405,288.581386591108,288.575038981259,16.9876833791753,16.9874965483811
341Ab,30530,9.86695107687431,0,45.6635322570801,301238.016376972,73.1729120421035,73.1705152876966,8.55411667222885,8.5539765774578
M331Ig,41410,26.768454667837,0,84.4681015014648,1108481.70779514,536.152152034188,536.139204626508,23.1549595558746,23.1546799724485
341Fd,28684,0.645349152811137,0,28.2245349884033,18511.1950992346,6.4745067942951,6.47428107588783,2.54450521600863,2.54446086153586
322Ab,55227,0,0,0,0,0,0,0,0
M331Hh,23896,29.5001437992285,0,82.5477523803711,704935.436226368,500.457048246031,500.436105115455,22.3708973500401,22.3704292563968
M341Cl,25048,24.1319192924732,0,66.2138595581055,604456.314437866,260.231161824558,260.220772525539,16.1316819279503,16.1313599093672
M331Ip,74901,32.5368884696138,0,82.7241821289062,2437045.48326254,577.336492398704,577.328784404252,24.027827458984,24.0276670612078
341Ap,8587,10.110927164034,0,37.5385589599609,86822.53155756,74.6512069558504,74.6425134415898,8.64009299462977,8.63958988850685
341Di,15150,0.130083493320856,0,63,1970.76492381096,4.09583642563491,4.09556607339559,2.02381729057613,2.02375049682405
341Dj,27453,6.57556969957156,0,52.9246711730957,180519.114962339,84.6771986989273,84.674114256473,9.20202144634141,9.20185384889768
M341Bc,57825,4.34879252899275,0,50.9567794799805,251468.927989006,42.7194183176093,42.7186795468646,6.53600935721556,6.53595284154228
M341Ba,97599,6.98734070500659,0,46.4799346923828,681957.46546793,55.8703721415751,55.8697996933723,7.47464862997419,7.47461033722644
341Fa,36922,2.20665518183419,0,41.7764167785645,81474.122623682,21.5107624096849,21.5101798095438,4.63796964303184,4.63790683493575
M313Bg,70523,22.7532678253137,0,80.0698928833008,1604628.70684457,299.851694854407,299.847443025998,17.316226345668,17.3161035751695
M341Cm,16359,18.8689032766301,0,67.9858322143555,308676.388702393,226.702928885113,226.689070890805,15.0566572945363,15.0561970925863
341Fg,14884,0.000307267021665,0,4.57336235046387,4.57336235046387,0.001405243428423,0.0014051490154,0.037486576643147,0.037485317330922
341Bc,76493,0.084506427433058,0,8.42902755737305,6464.15015363693,0.553701264570635,0.553694025983254,0.74411105661093,0.744106192679011
M341Cf,11733,4.76257920344446,0,45.5491790771484,55879.341794014,66.1092887110767,66.1036542366277,8.13076187765186,8.1304153790952
331Cb,89159,0.087435471928536,0,66.9761428833008,7795.65924167633,3.23667361186195,3.23663730959732,1.79907576601486,1.79906567684377
M331Ih,31250,23.3032719463045,0,79.280891418457,728227.24832201,219.078321764141,219.071311257844,14.8012945975729,14.8010577749647
M331Is,20988,10.554640738333,0,84.0485229492188,221520.799816132,352.624627210626,352.607825960997,18.7783020321494,18.777854668758
341Ba,159850,0.657197462946397,0,58.3725547790527,105053.014451981,7.70238426784666,7.70233608277147,2.77531696709523,2.77530828607769
M331Hd,71315,24.4016610340411,0,87.7470169067383,1740204.45664263,475.927350334989,475.92067674107,21.8157592197702,21.8156062657234
M341Bd,45116,14.2382062446386,0,57.370548248291,642370.912933111,118.800210932082,118.797577715242,10.8995509509375,10.8994301555284
M331Ir,27241,35.9878419587138,0,82.930419921875,980344.802797318,475.334286101897,475.31683687881,21.802162418024,21.8017622425071
331Hc,199175,0.237573181591409,0,70.594108581543,47318.63844347,7.80561099130166,7.80557180158914,2.79385235674716,2.79384534317652
M341Bg,40780,5.65856344261369,0,45.8936920166016,230756.217189789,50.9647816037738,50.9635318543475,7.13896222176401,7.13887469103832
321Am,102295,7.39689317759553,0,88.8574752807617,756665.187602133,128.903632294796,128.90237217815,11.3535735473373,11.3535180529275
M341Cg,19141,2.00106546521455,0,50.3488464355469,38302.3940696716,39.8913828695761,39.8892987891796,6.31596254497888,6.31579755764698
341Bf,29240,2.67699821598715,0,45.0487518310547,78275.4278354645,24.38345270162,24.3826187942089,4.93796037870091,4.93787593953198
341Bd,91637,4.73692662640186,0,61.1931381225586,434077.745263577,42.4120081193046,42.411545293065,6.51245023929585,6.51241470524298
M331Hp,31338,28.2362466641167,0,87.0577850341797,884867.497960091,429.831475365263,429.81775938226,20.7323774653382,20.7320466761548
331Ih,87437,1.10369783265458,0,47.9604339599609,96504.0273938179,20.0079090292749,20.0076802027022,4.47302012395147,4.4729945453468
M341Cd,7060,4.47339243915872,0,37.8055686950684,31582.1506204605,54.3224977194616,54.3148033146855,7.37037975408741,7.36985775403335
341Bk,21413,16.3034016757456,0,86.2973403930664,349104.740082741,249.022120916258,249.01049143319,15.7804347505466,15.7800662683396
331Ii,72347,2.29142630737433,0,68.3620986938477,165777.81905961,47.3188503716303,47.3181963175524,6.87886984697561,6.87882230600213
M341Ck,29945,16.705349559819,0,86.9499359130859,500241.692568779,118.313047894745,118.30909688296,10.8771801444467,10.8769985236259
331Ca,150863,0.093729956688026,0,71.8652496337891,14140.3824558258,3.65357879023436,3.65355457237583,1.91143370019322,1.91142736518441
M331Hg,13990,14.0445557772559,0,90.8901901245117,196483.335323811,234.588549609762,234.571781307431,15.3162838054719,15.3157363945529
331Hb,69840,0.316008571394532,0,69.1748046875,22070.038626194,9.16532209399168,9.16519086085746,3.02742829708511,3.02740662297906
341Fk,10276,18.4811773505272,0,62.0136985778809,189912.578454018,190.002652662103,189.984162719259,13.7841449739221,13.7834742615663
341Bj,90486,2.06914597669216,0,34.9119491577148,187228.742846966,21.1340637034369,21.1338301417401,4.5971799729222,4.59715457013793
322Bh,405272,0.102080663202077,0,33.1986122131348,41370.4345372319,0.737480114075757,0.737478294359334,0.858766623755114,0.858765564260313
321Ad,340201,0.011327428653632,0,24.5824794769287,3853.60255539417,0.097930900145579,0.097930612283697,0.312939131694295,0.312938671761253
321Ai,33040,0.205085149252242,0,13.0181198120117,6776.01333129406,0.716672498241441,0.716650807185198,0.8465651175435,0.846552306231103
M313Ae,115811,22.9960685142836,0,110.304405212402,2663197.69070768,315.577215207441,315.574490274444,17.7644931030255,17.7644164068073
315Ab,142618,0.000785694089014,0,4.98513984680176,112.054119586945,0.002696766280003,0.002696747370985,0.051930398419448,0.051930216357964
321Ak,31459,6.59007740448665,0,79.3659057617188,207317.245067745,88.3130092055659,88.3102019641022,9.39750015725277,9.39735079499016
315Aa,149207,0.058670810520158,0,11.4419116973877,8754.09562528133,0.358607574074133,0.358605170650874,0.598838520866963,0.598836514126247
321Aj,371200,0.666003149669185,0,59.414119720459,247220.369157195,6.82934278144798,6.82932438343402,2.61330112720444,2.6132976071305
321Af,34011,0.040314557327245,0,19.2389945983887,1371.13840925694,0.222065344201349,0.222058814980091,0.47123809714554,0.471231169363924
M313Ab,12320,0.504214588059236,0,15.6555633544922,6211.92372488976,3.18567404668595,3.18541546924709,1.7848456646685,1.78477322628033
313As,12507,31.9159596703306,0,98.2858428955078,399172.907596827,193.02125012131,193.005817063812,13.893208777,13.89265334858
M331Gs,20463,30.0285583733871,0,75.9585571289062,614474.389994621,173.116249833818,173.107789869501,13.1573648514366,13.1570433559178
322Ak,26650,0.001606889576223,0,4.83439445495605,42.8236072063446,0.005013024706323,0.00501283660033,0.070802716800438,0.070801388406799
313Bc,134503,0.070031460050846,0,20.2601222991943,9419.44147121906,0.426811187669259,0.426808014422657,0.653307881223898,0.65330545261972
313Ap,129877,3.87755633936882,0,55.5599517822266,503605.384688199,43.1430970718986,43.1427648876237,6.56834051126299,6.56831522444102
313Aa,30195,5.81359845111849,0,27.0256538391113,175541.605231524,38.7878742965999,38.7865897172226,6.22799119272016,6.2278880623549
313Be,97712,11.1909820820512,0,71.7768020629883,1093493.2412014,127.887032150961,127.885723334929,11.30871487619,11.3086570084572
331Jc,22034,2.99386935482075,0,72.9299163818359,65966.9173641205,59.8776374241185,59.8749199131163,7.7380641910053,7.73788859528982
M331Gv,27993,34.6936426049955,0,83.9618988037109,971179.137441635,396.031166978053,396.017019470927,19.9005318265129,19.9001763678347
313Aq,106420,4.40744263476399,0,47.697151184082,469040.045191586,30.5558428687536,30.5555557437501,5.52773397232117,5.5277080009485
313De,44239,5.53885301842434,0,28.07204246521,245033.318682075,33.4319749582068,33.4312192454882,5.78203899660031,5.78197364621183
313Bd,303564,2.2967468281851,0,46.1171264648438,697209.654151201,28.845380728796,28.845285706393,5.37078958150438,5.37078073527425
322Au,25994,0.012159913935377,0,6.67474174499512,316.08480283618,0.032712434631519,0.032711176170542,0.180865791767041,0.180862312742434
M313Ba,55832,0.095628480157806,0,7.27665996551514,5339.12930417061,0.502437931696734,0.502428932593501,0.708828562980312,0.708822215081822
321Ac,924440,0.006606756864026,0,7.40040016174316,6107.5503153801,0.037040902299275,0.037040862230799,0.192460131713754,0.192460027618202
321Al,3571,2.32028563080699,0,18.3854656219482,8285.73998761177,13.3085343097529,13.3048074729257,3.64808639011645,3.64757556096179
315Bb,147508,0,0,0,0,0,0,0,0
321Ah,24046,2.01635519535423,0,29.1302299499512,48485.2770274878,12.8491319954465,12.8485976391296,3.5845685926547,3.58449405622741
322Aw,85619,1.14500223094251,0,17.3824615478516,98033.9460110664,6.09952643018696,6.09945518984977,2.46972193377857,2.46970751099189
331Be,37451,0.120832911607486,0,59.7033081054688,4525.313372612,4.48256165370056,4.4824419623264,2.11720609617972,2.11717782964171
331Jb,80015,2.16385960391499,0,67.589469909668,173141.226207256,31.420418596317,31.4200259147123,5.6053919217408,5.60535689449943
331Ba,258686,0.041507072992432,0,66.7808456420898,10737.2986841202,1.30742470686126,1.30741965276205,1.1434267387381,1.14342452866906
322Ax,87260,3.54732688444352,0,26.4022827148438,309539.743936539,14.1578461167095,14.1576838677281,3.762691339548,3.76266977925623